ligand_entry,SMILES_FL,ligand_type,nbo_O1_CMC,nbo_C2_CMC,nbo_X3_CMC,nbo_C4_CMC,nbo_N5_CMC,nbo_C6_CMC,nbo_C7_CMC,nbo_O8_CMC,nbo_Co_CMC,da_C2_X3_C4_N5_CMC,bl_OCo_CMC,bl_NCo_CMC,ba_OCoN_CMC,vbur_Co_CMC,vbur_oct2_CMC,vbur_oct3_CMC,vbur_oct4_CMC,vbur_oct5_CMC,vbur_oct6_CMC,vbur_oct7_CMC,IE_CMC,nbo_O1_FL,nbo_C2_FL,nbo_X3_FL,nbo_C4_FL,nbo_N5_FL,nbo_C6_FL,nbo_C7_FL,nbo_O8_FL,da_C2_X3_C4_N5_FL,s_C2_Bmin_FL,s_C2_Bmax_FL,s_C2_L_FL,s_C6_Bmin_FL,s_C6_Bmax_FL,s_C6_L_FL
EL12,O/C(C)=C(C)\C1=N[C@@H](C2=CC=CC=C2)CO1,enol,-0.57968,0.49095,-0.29482,0.59248,-0.4087,-0.09483,-0.0814,-0.46078,0.59739,-4.466,1.86542,1.84592,94.315,71.64,2.3,3,7.2,7.7,3.3,7.2,-0.001062663,-0.67437,0.44792,-0.26658,0.56862,-0.58417,-0.1028,-0.08064,-0.4812,-2.194,2.02,6.14,3.15,2.14,7.1,6.45
EL13,O/C(C)=C\C1=N[C@@H](C(C=CC=C2)=C2C3)[C@@H]3O1,enol,-0.59788,0.47625,-0.46676,0.58399,-0.46159,-0.096,0.08656,-0.4522,0.51188,-2.377,1.88773,1.88591,93.054,71.74,1,2,4.5,10.1,7.9,5.2,0.001931105,-0.6743,0.44101,-0.45409,0.55361,-0.57764,-0.10162,0.0868,-0.47534,-1.244,1.99,6.12,3.15,2,7.16,6.35
EL14,O/C(C)=C\C1=N[C@@H](CC(C)C)CO1,enol,-0.59854,0.48074,-0.46896,0.58227,-0.48661,-0.08702,-0.08815,-0.45677,0.48221,-0.063,1.89522,1.89811,92.02,76.09,1,1.8,4.2,10.9,8.1,8.5,0.000860365,-0.67559,0.43902,-0.45404,0.54757,-0.5779,-0.08658,-0.0926,-0.47315,0.858,2.16,4.19,3.15,2.75,6.9,5.35
